<?xml version="1.0" encoding="UTF-8" ?>
<!DOCTYPE mapper
 PUBLIC "-//mybatis.org//DTD Mapper 3.0//EN"
 "http://mybatis.org/dtd/mybatis-3-mapper.dtd">

<mapper namespace="com.bs.mapper.BookMapper">
	<select id="queryLatestBooks" resultType="BookTypeVO">
		select b_id bid,t.bt_id btid,bt_name btname,b_isbn bisbn,
     	b_name bname,b_author bauthor,b_publisher bpublisher,b_price bprice,b_image bimage,b_stock bstock,
     	b_content bcontent,b_regdt bregdt,b_sales bsales from booktypes t,books b where t.bt_id=b.bt_id order by b.b_regdt desc limit 10
	</select>
	<select id="queryHottestBooks" resultType="BookTypeVO">
		select b_id bid,t.bt_id btid,bt_name btname,b_isbn bisbn,
     	b_name bname,b_author bauthor,b_publisher bpublisher,b_price bprice,b_image bimage,b_stock bstock,
     	b_content bcontent,b_regdt bregdt,b_sales bsales from booktypes t,books b where t.bt_id=b.bt_id order by b.b_sales desc limit 10
	</select>
	<update id="modify" parameterType="Book">
		update books 
			<set>
				b_isbn=#{bisbn},b_name=#{bname},b_author=#{bauthor},b_publisher=#{bpublisher},b_price=#{bprice},bt_id=#{btid},
					<if test="bimage!=null">
						b_image=#{bimage},
					</if>
				b_stock=#{bstock},b_content=#{bcontent},b_sales=#{bsales}
			</set>
			<where>
				b_id=#{bid}     
			</where> 
	</update>
	<delete id="remove" parameterType="int">
		delete from books 
   			<where>
   				b_id=#{value}   
   			</where>
   	</delete>
   	<select id="queryBookById" resultType="Book" parameterType="int">
		select b_id bid,b.bt_id btid,b_isbn bisbn,
     	b_name bname,b_author bauthor,b_publisher bpublisher,b_price bprice,b_image bimage,b_stock bstock,
     	b_content bcontent,b_regdt bregdt,b_sales bsales from books b where b.b_id=#{value}
	</select>
	<select id="queryBooksByType" parameterType="String" resultType="BookTypeVO">
		select b_id bid,t.bt_id btid,bt_name btname,b_isbn bisbn,
     	b_name bname,b_author bauthor,b_publisher bpublisher,b_price bprice,b_image bimage,b_stock bstock,
     	b_content bcontent,b_regdt bregdt,b_sales bsales from booktypes t,books b where t.bt_id=b.bt_id and t.bt_name REGEXP #{0}
	</select>
	<select id="queryBooksByName" parameterType="String" resultType="BookTypeVO">
		select b_id bid,t.bt_id btid,bt_name btname,b_isbn bisbn,
     	b_name bname,b_author bauthor,b_publisher bpublisher,b_price bprice,b_image bimage,b_stock bstock,
     	b_content bcontent,b_regdt bregdt,b_sales bsales from booktypes t,books b where t.bt_id=b.bt_id and b.b_name REGEXP #{0}
	</select>
	
</mapper>