<?xml version="1.0" encoding="UTF-8" ?>
<!DOCTYPE mapper
 PUBLIC "-//mybatis.org//DTD Mapper 3.0//EN"
 "http://mybatis.org/dtd/mybatis-3-mapper.dtd">

<mapper namespace="com.bs.mapper.OrderMapper">
	<insert id="addOrder" parameterType="Order">
		insert into orders(o_isbn,o_addr,o_mark,u_name) 
		values(#{oisbn},#{oaddr},#{omark},#{uname})
	</insert> 
	<select id="queryOrder" resultType="Order" parameterType="String">
		select
			o_id oid,
			o_isbn oisbn,
			o_addr oaddr,
			o_date odate,
			o_state ostate,
			o_mark omark,
			u_name uname 
		from orders o
		where
			o.u_name=#{0}
	</select>
	<update id="changeState" parameterType="int">
		update orders
			<set>
				o_state=#{0}
			</set>
			<where>
				o_id=#{1}     
			</where> 
	</update>
	<select id="queryOrderByIsbn" resultType="ShoppingCart" parameterType="String">
		select
			b_image bimage,
			od_number cnumber,
			b_name bname,
			b_price bprice 
		from books b,orderdetails od
		where
			od.b_id=b.b_id and od.o_isbn=#{0}
	</select>
</mapper>