<?xml version="1.0" encoding="UTF-8"?>
<beans xmlns="http://www.springframework.org/schema/beans"
	xmlns:xsi="http://www.w3.org/2001/XMLSchema-instance" xmlns:p="http://www.springframework.org/schema/p"
	xmlns:context="http://www.springframework.org/schema/context"

	xsi:schemaLocation=" 
	http://www.springframework.org/schema/context http://www.springframework.org/schema/context/spring-context.xsd
	http://www.springframework.org/schema/beans http://www.springframework.org/schema/beans/spring-beans-3.0.xsd">
	
	
	<!-- 上下文：组件或控件-扫描  基础-包  扫描包下的所有带注解@Controller的类-->
	<context:component-scan base-package="com.bs.controller"></context:component-scan>

	<!-- 配置视图的前、后缀 -->
	<bean class="org.springframework.web.servlet.view.InternalResourceViewResolver">
		<!-- 配置Controller类中的返回的字符串的路径 -->
		<property name="prefix" value="/"></property>
		<!-- 配置Controller类中的方法返回的字符串的扩展名 -->
		<property name="suffix" value=".jsp"></property>
	</bean>
</beans>